-- phpMyAdmin SQL Dump
-- version 4.0.7
-- http://www.phpmyadmin.net
--
-- Хост: localhost
-- Время создания: Дек 04 2021 г., 01:51
-- Версия сервера: 5.1.69
-- Версия PHP: 5.3.3

SET SQL_MODE = "NO_AUTO_VALUE_ON_ZERO";
SET time_zone = "+00:00";


/*!40101 SET @OLD_CHARACTER_SET_CLIENT=@@CHARACTER_SET_CLIENT */;
/*!40101 SET @OLD_CHARACTER_SET_RESULTS=@@CHARACTER_SET_RESULTS */;
/*!40101 SET @OLD_COLLATION_CONNECTION=@@COLLATION_CONNECTION */;
/*!40101 SET NAMES utf8 */;

--
-- База данных: `a1418_09`
--

-- --------------------------------------------------------

--
-- Структура таблицы `Лицензия`
--

CREATE TABLE IF NOT EXISTS `Лицензия` (
  `Лицензия_ID` int(11) NOT NULL,
  `Категория` varchar(3) NOT NULL,
  PRIMARY KEY (`Лицензия_ID`)
) ENGINE=InnoDB DEFAULT CHARSET=utf8;

--
-- Дамп данных таблицы `Лицензия`
--

INSERT INTO `Лицензия` (`Лицензия_ID`, `Категория`) VALUES
(1, 'PRO'),
(2, 'A'),
(3, 'B'),
(4, 'C');

-- --------------------------------------------------------

--
-- Структура таблицы `Сборная`
--

CREATE TABLE IF NOT EXISTS `Сборная` (
  `Страна` varchar(30) NOT NULL,
  `Тренер_ID` int(11) DEFAULT NULL,
  PRIMARY KEY (`Страна`),
  UNIQUE KEY `Тренер_ID` (`Тренер_ID`)
) ENGINE=InnoDB DEFAULT CHARSET=utf8;

--
-- Дамп данных таблицы `Сборная`
--

INSERT INTO `Сборная` (`Страна`, `Тренер_ID`) VALUES
('Австрия', NULL),
('Англия', NULL),
('Аргентина', NULL),
('Бельгия', NULL),
('Бразилия', NULL),
('Германия', NULL),
('Испания', NULL),
('Нидерланды', NULL),
('Португалия', NULL),
('Россия', NULL),
('Сенегал', NULL),
('Украина', NULL),
('Франция', NULL),
('Хорватия', NULL),
('Швеция', NULL),
('Япония', NULL);

-- --------------------------------------------------------

--
-- Структура таблицы `Статистика`
--

CREATE TABLE IF NOT EXISTS `Статистика` (
  `Футболист_ID` int(11) NOT NULL,
  `Название клуба` varchar(50) NOT NULL,
  `Сезон` year(4) NOT NULL,
  `Сыгранные матчи` int(11) DEFAULT NULL,
  `Голы` int(11) DEFAULT NULL,
  `Голевые передачи` int(11) DEFAULT NULL,
  `Жёлтые карточки` int(11) DEFAULT NULL,
  `Красные карточки` int(11) DEFAULT NULL,
  `Пропущенные голы` int(11) DEFAULT NULL,
  `Сухие матчи` int(11) DEFAULT NULL,
  PRIMARY KEY (`Футболист_ID`,`Название клуба`,`Сезон`)
) ENGINE=InnoDB DEFAULT CHARSET=utf8;

--
-- Дамп данных таблицы `Статистика`
--

INSERT INTO `Статистика` (`Футболист_ID`, `Название клуба`, `Сезон`, `Сыгранные матчи`, `Голы`, `Голевые передачи`, `Жёлтые карточки`, `Красные карточки`, `Пропущенные голы`, `Сухие матчи`) VALUES
(1, 'Монако', 2015, 11, 1, 1, 1, 0, NULL, NULL),
(1, 'Монако', 2016, 29, 15, 11, 2, 0, NULL, NULL),
(1, 'Монако', 2017, 1, 0, 0, 0, 0, NULL, NULL),
(1, 'ПСЖ', 2017, 27, 13, 9, 2, 0, NULL, NULL),
(1, 'ПСЖ', 2018, 29, 33, 11, 5, 1, NULL, NULL),
(1, 'ПСЖ', 2019, 20, 18, 6, 0, 0, NULL, NULL),
(1, 'ПСЖ', 2020, 31, 27, 7, 5, 0, NULL, NULL),
(2, 'Барселона', 2015, 33, 26, 17, 3, 0, NULL, NULL),
(2, 'Барселона', 2016, 34, 37, 10, 6, 0, NULL, NULL),
(2, 'Барселона', 2017, 36, 34, 15, 3, 0, NULL, NULL),
(2, 'Барселона', 2018, 34, 36, 15, 3, 0, NULL, NULL),
(2, 'Барселона', 2019, 33, 25, 23, 4, 0, NULL, NULL),
(2, 'Барселона', 2020, 35, 30, 9, 4, 0, NULL, NULL),
(9, 'Зенит', 2017, 28, 4, 7, 11, 0, NULL, NULL),
(9, 'Зенит', 2018, 15, 3, 2, 6, 1, NULL, NULL),
(9, 'ПСЖ', 2018, 16, 0, 2, 1, 0, NULL, NULL),
(9, 'ПСЖ', 2019, 17, 0, 1, 2, 0, NULL, NULL),
(9, 'ПСЖ', 2020, 21, 1, 2, 5, 1, NULL, NULL),
(9, 'Рома', 2014, 10, 1, 0, 2, 0, NULL, NULL),
(9, 'Рома', 2016, 27, 3, 1, 4, 0, NULL, NULL),
(9, 'Эмполи', 2015, 33, 2, 1, 11, 0, NULL, NULL),
(11, 'Реймс', 2016, 8, 0, 0, 1, 0, 8, 3),
(11, 'Реймс', 2017, 34, 0, 0, 0, 0, 23, 17),
(11, 'Реймс', 2018, 38, 0, 0, 3, 0, 40, 13),
(11, 'Ренн', 2019, 24, 0, 0, 1, 0, 19, 9),
(11, 'Ренн', 2020, 1, 0, 0, 0, 0, 1, 0),
(11, 'Челси', 2020, 31, 0, 0, 2, 0, 24, 17),
(14, 'Монако', 2018, 30, 3, 3, 7, 1, NULL, NULL),
(14, 'Монако', 2019, 25, 3, 4, 4, 1, NULL, NULL),
(14, 'Монако', 2020, 21, 5, 9, 2, 0, NULL, NULL),
(14, 'ЦСКА', 2015, 17, 1, 0, 0, 0, NULL, NULL),
(14, 'ЦСКА', 2016, 30, 3, 4, 3, 0, NULL, NULL),
(14, 'ЦСКА', 2017, 27, 5, 4, 8, 0, NULL, NULL);

-- --------------------------------------------------------

--
-- Структура таблицы `Травмы`
--

CREATE TABLE IF NOT EXISTS `Травмы` (
  `ID_Травмы` int(11) NOT NULL AUTO_INCREMENT,
  `Футболист_ID` int(11) NOT NULL,
  `Характер травмы` varchar(50) NOT NULL,
  `Сроки восстановления(в днях)` int(11) NOT NULL,
  `Сезон` year(4) NOT NULL,
  PRIMARY KEY (`ID_Травмы`),
  KEY `Футболист_ID` (`Футболист_ID`)
) ENGINE=InnoDB  DEFAULT CHARSET=utf8 AUTO_INCREMENT=61 ;

--
-- Дамп данных таблицы `Травмы`
--

INSERT INTO `Травмы` (`ID_Травмы`, `Футболист_ID`, `Характер травмы`, `Сроки восстановления(в днях)`, `Сезон`) VALUES
(2, 14, 'Ушиб кости', 4, 2018),
(3, 14, 'Травма подколенного сухожилия', 95, 2020),
(4, 14, 'Вывих лодыжки', 17, 2018),
(5, 2, 'Травма подколенного сухожилия', 3, 2020),
(6, 2, 'Травма лодыжки', 9, 2020),
(7, 2, 'Повреждение приводящей мышцы', 6, 2019),
(8, 2, 'Травма колена', 42, 2019),
(9, 14, 'Травма бедра', 10, 2021),
(10, 14, 'Травма бедра', 20, 2021),
(11, 14, 'Ушиб', 3, 2021),
(12, 14, 'Коронавирус', 10, 2020),
(13, 14, 'Проблемы с бедром', 2, 2020),
(14, 14, 'Дефицит тренировочной практики', 26, 2020),
(15, 14, 'Дефицит тренировочной практики', 6, 2018),
(16, 14, 'Вывих лодыжки', 43, 2018),
(17, 14, 'Растяжение связок', 15, 2017),
(18, 14, 'Травма подколенного сухожилия', 13, 2015),
(19, 1, 'Инфекция', 7, 2021),
(20, 1, 'Травма берцовой кости', 8, 2021),
(21, 1, 'Травма берцовой кости', 6, 2020),
(22, 1, 'Травма берцовой кости', 4, 2020),
(23, 1, 'Проблемы с бедром', 14, 2020),
(24, 1, 'Коронавирус', 11, 2020),
(25, 1, 'Травма лодыжки', 16, 2020),
(26, 1, 'Повреждение приводящей мышцы', 4, 2019),
(27, 1, 'Проблемы с бедром', 15, 2019),
(28, 1, 'Травма подколенного сухожилия', 30, 2019),
(29, 1, 'Травма плеча', 6, 2018),
(30, 1, 'Проблемы с лодыжкой', 4, 2017),
(31, 1, 'Травма головы', 7, 2017),
(32, 1, 'Проблемы с коленом', 3, 2017),
(33, 1, 'Травма головы', 35, 2016),
(34, 1, 'Тестикулярные нарушения', 21, 2015),
(35, 4, 'Разрыв мышечного пучка', 47, 2020),
(36, 4, 'Инфекция', 5, 2020),
(37, 4, 'Инфекция', 2, 2018),
(38, 4, 'Травма связок', 38, 2017),
(39, 4, 'Растяжение связок', 24, 2017),
(40, 4, 'Дефицит тренировочной практики', 4, 2017),
(41, 4, 'Дефицит тренировочной практики', 28, 2017),
(42, 9, 'Проблемы с бедром', 29, 2021),
(43, 9, 'Дефицит тренировочной практики', 24, 2021),
(44, 9, 'Удар', 17, 2020),
(45, 9, 'Коронавирус', 9, 2020),
(46, 9, 'Проблемы с лодыжкой', 4, 2019),
(47, 9, 'Разрыв боковой связки лодыжки', 35, 2016),
(48, 9, 'Разрыв связки лодыжки', 10, 2016),
(49, 9, 'Повреждение приводящей мышцы', 3, 2015),
(50, 9, 'Легкое ранение', 3, 2014),
(51, 9, 'Перелом', 94, 2013),
(52, 5, 'Мышечная травма', 19, 2021),
(53, 5, 'Мышечная травма', 29, 2021),
(54, 5, 'Травма бедра', 13, 2020),
(55, 5, 'Мышечная травма', 20, 2019),
(56, 5, 'Перелом руки', 16, 2018),
(57, 5, 'Травма мениска', 48, 2018),
(58, 5, 'Проблемы с бедром', 12, 2018),
(59, 5, 'Разрыв мениска', 6, 2017),
(60, 5, 'Надрыв крестообразной связки', 137, 2016);

-- --------------------------------------------------------

--
-- Структура таблицы `Тренер`
--

CREATE TABLE IF NOT EXISTS `Тренер` (
  `Тренер_ID` int(11) NOT NULL AUTO_INCREMENT,
  `Фамилия` varchar(30) NOT NULL,
  `Имя` varchar(30) NOT NULL,
  `Отчество` varchar(30) DEFAULT NULL,
  `Дата рождения` date NOT NULL,
  `Тренерская лицензия` int(11) DEFAULT NULL,
  `Начало тренерской работы` year(4) NOT NULL,
  `Футбольный клуб` varchar(50) DEFAULT NULL,
  `Сборная` varchar(30) DEFAULT NULL,
  PRIMARY KEY (`Тренер_ID`),
  UNIQUE KEY `Клуб` (`Футбольный клуб`),
  UNIQUE KEY `Сборная` (`Сборная`),
  KEY `Тренерская лицензия` (`Тренерская лицензия`)
) ENGINE=InnoDB  DEFAULT CHARSET=utf8 AUTO_INCREMENT=26 ;

--
-- Дамп данных таблицы `Тренер`
--

INSERT INTO `Тренер` (`Тренер_ID`, `Фамилия`, `Имя`, `Отчество`, `Дата рождения`, `Тренерская лицензия`, `Начало тренерской работы`, `Футбольный клуб`, `Сборная`) VALUES
(1, 'Карпин', 'Валерий', 'Георгиевич', '1969-02-02', 1, 2009, NULL, 'Россия'),
(2, 'Клопп', 'Юрген', 'Норберг', '1967-06-16', 1, 1988, NULL, NULL),
(3, 'Семак', 'Сергей', 'Богданович', '1976-02-27', 1, 2013, NULL, NULL),
(4, 'Почеттино', 'Маурисио', 'Роберто', '1972-03-02', 1, 2009, NULL, NULL),
(5, 'Ковач', 'Нико', NULL, '1971-10-15', 1, 2009, 'Монако', NULL),
(6, 'Зинедин', 'Зидан', 'Язид', '1972-06-23', 1, 2013, NULL, NULL);

-- --------------------------------------------------------

--
-- Структура таблицы `Футболисты`
--

CREATE TABLE IF NOT EXISTS `Футболисты` (
  `Футболист_ID` int(11) NOT NULL AUTO_INCREMENT,
  `Фамилия` varchar(30) NOT NULL,
  `Имя` varchar(30) NOT NULL,
  `Отчество` varchar(30) DEFAULT NULL,
  `Рост` int(11) NOT NULL,
  `Вес` int(11) NOT NULL,
  `Дата рождения` date NOT NULL,
  `Ведущая нога` varchar(20) NOT NULL,
  `Позиция на поле` varchar(50) NOT NULL,
  `Футбольный клуб` varchar(50) DEFAULT NULL,
  `Сборная` varchar(30) DEFAULT NULL,
  PRIMARY KEY (`Футболист_ID`),
  KEY `Футбольный клуб` (`Футбольный клуб`),
  KEY `Сборная` (`Сборная`)
) ENGINE=InnoDB  DEFAULT CHARSET=utf8 AUTO_INCREMENT=26 ;

--
-- Дамп данных таблицы `Футболисты`
--

INSERT INTO `Футболисты` (`Футболист_ID`, `Фамилия`, `Имя`, `Отчество`, `Рост`, `Вес`, `Дата рождения`, `Ведущая нога`, `Позиция на поле`, `Футбольный клуб`, `Сборная`) VALUES
(1, 'Мбаппе', 'Киллиан', NULL, 178, 73, '1998-12-20', 'правая', 'нападающий', 'ПСЖ', 'Франция'),
(2, 'Месси', 'Лионель', 'Андрес', 169, 67, '1987-06-24', 'левая', 'нападающий', 'ПСЖ', 'Аргентина'),
(3, 'Канте', 'Н''Голо', NULL, 168, 68, '1991-03-29', 'правая', 'опорный полузащитник', 'Челси', 'Франция'),
(4, 'Санчо', 'Джейжон', 'Малик', 180, 76, '2000-03-25', 'правая', 'правый вингер', 'Манчестер Юнайтед', 'Англия'),
(5, 'Зобнин', 'Роман', 'Сергеевич', 182, 78, '1994-02-11', 'правая', 'полузащитник', 'Спартак', 'Россия'),
(6, 'Лукаку', 'Ромелу', 'Менама', 191, 103, '1993-05-13', 'левая', 'центральный нападающий', 'Челси', 'Бельгия'),
(7, 'Ван Дейк', 'Вирджил', NULL, 193, 90, '1991-07-08', 'правая', 'центральный защитник', 'Ливерпуль', 'Нидерланды'),
(8, 'Ибрагимович', 'Златан', NULL, 195, 95, '1981-10-03', 'правая', 'нападающий', 'Милан', 'Швеция'),
(9, 'Паредес', 'Леандро', 'Даниэль', 180, 75, '1994-06-29', 'правая', 'центральный полузащитник', 'ПСЖ', 'Аргентина'),
(10, 'Дибала', 'Пауло', 'Бруно', 177, 73, '1993-11-15', 'левая', 'оттянутый нападающий', 'Ювентус', 'Аргентина'),
(11, 'Менди', 'Эдуар', 'Осок', 197, 85, '1992-03-01', 'правая', 'вратарь', 'Челси', 'Сенегал'),
(12, 'Менди', 'Бенжамен', NULL, 185, 85, '1994-07-17', 'левая', 'левый защитник', 'Манчестер Сити', 'Франция'),
(13, 'Менди', 'Ферлан', NULL, 180, 73, '1995-06-08', 'левая', 'левый защитник', 'Реал Мадрид', 'Франция'),
(14, 'Головин', 'Александр', 'Сергеевич', 180, 69, '1996-05-30', 'правая', 'полузащитник', 'Монако', 'Россия'),
(15, 'Нуну', 'Тавареш', 'Варела', 183, 71, '2000-01-26', 'левая', 'левый защитник', 'Арсенал', 'Португалия'),
(16, 'Уайт', 'Бенжамен', 'Уильям', 185, 78, '1997-10-08', 'правая', 'защитник', 'Арсенал', 'Англия'),
(17, 'Зинченко', 'Александр', 'Владимирович', 179, 72, '1996-12-15', 'левая', 'защитник', 'Манчестер Сити', 'Украина'),
(18, 'Рамос', 'Серхио', 'Гарсия', 184, 82, '1986-03-30', 'правая', 'центральный защитник', 'ПСЖ', 'Испания'),
(19, 'Альба', 'Жорди', 'Рамос', 170, 68, '1989-03-21', 'левая', 'левый защитник', 'Барселона', 'Испания'),
(20, 'Алаба', 'Давид', 'Олатокунбо', 180, 76, '1992-06-24', 'левая', 'защитник', 'Реал Мадрид', 'Австрия'),
(21, 'Терехов', 'Сергей', 'Юрьевич', 179, 72, '1990-06-27', 'левая', 'левый защитник', 'Сочи', 'Россия'),
(22, 'Джикия', 'Георгий', 'Тамазович', 188, 86, '1993-11-21', 'левая', 'центральный защитник', 'Спартак', 'Россия'),
(23, 'Осипенко', 'Максим', 'Александрович', 193, 83, '1994-05-16', 'правая', 'защитник', 'Ростов', 'Россия'),
(24, 'Томиясу', 'Такэхиро', NULL, 185, 70, '1998-11-05', 'правая', 'защитник', 'Арсенал', 'Япония'),
(25, 'Дивеев', 'Игорь', 'Сергеевич', 193, 85, '1999-09-27', 'правая', 'защитник', 'ЦСКА', 'Россия');

-- --------------------------------------------------------

--
-- Структура таблицы `Футбольная Лига`
--

CREATE TABLE IF NOT EXISTS `Футбольная Лига` (
  `Страна` varchar(30) NOT NULL,
  `Лига` varchar(30) NOT NULL,
  PRIMARY KEY (`Лига`)
) ENGINE=InnoDB DEFAULT CHARSET=utf8;

--
-- Дамп данных таблицы `Футбольная Лига`
--

INSERT INTO `Футбольная Лига` (`Страна`, `Лига`) VALUES
('Англия', 'Англия. Лига 1'),
('Англия', 'Англия. Лига 2'),
('Англия', 'АПЛ'),
('Германия', 'Бундеслига'),
('Германия', 'Вторая Бундеслига'),
('Испания', 'Ла Лига'),
('Испания', 'Ла Лига 2'),
('Франция', 'Лига 1'),
('Франция', 'Лига 2'),
('Франция', 'Лига 3'),
('Англия', 'Национальная лига'),
('Россия', 'ПФЛ'),
('Россия', 'РПЛ'),
('Италия', 'Серия A'),
('Италия', 'Серия B'),
('Италия', 'Серия C'),
('Германия', 'Третья Бундеслига'),
('Россия', 'ФНЛ'),
('Англия', 'Чемпионшип');

-- --------------------------------------------------------

--
-- Структура таблицы `Футбольный клуб`
--

CREATE TABLE IF NOT EXISTS `Футбольный клуб` (
  `Название клуба` varchar(50) NOT NULL,
  `Лига` varchar(30) DEFAULT NULL,
  `Тренер_ID` int(11) DEFAULT NULL,
  PRIMARY KEY (`Название клуба`),
  UNIQUE KEY `Тренер_ID` (`Тренер_ID`),
  KEY `Лига` (`Лига`)
) ENGINE=InnoDB DEFAULT CHARSET=utf8;

--
-- Дамп данных таблицы `Футбольный клуб`
--

INSERT INTO `Футбольный клуб` (`Название клуба`, `Лига`, `Тренер_ID`) VALUES
('Арсенал', 'АПЛ', NULL),
('Бавария', 'Бундеслига', NULL),
('Барселона', 'Ла Лига', NULL),
('Зенит', 'РПЛ', NULL),
('Ливерпуль', 'АПЛ', NULL),
('Лион', 'Лига 1', NULL),
('Манчестер Сити', 'АПЛ', NULL),
('Манчестер Юнайтед', 'АПЛ', NULL),
('Милан', 'Серия A', NULL),
('Монако', 'Лига 1', 5),
('ПСЖ', 'Лига 1', 4),
('Реал Мадрид', 'Ла Лига', NULL),
('Ростов', 'РПЛ', NULL),
('Сочи', 'РПЛ', NULL),
('Спартак', 'РПЛ', NULL),
('ЦСКА', 'РПЛ', NULL),
('Челси', 'АПЛ', NULL),
('Ювентус', 'Серия A', NULL);

--
-- Ограничения внешнего ключа сохраненных таблиц
--

--
-- Ограничения внешнего ключа таблицы `Сборная`
--
ALTER TABLE `Сборная`
  ADD CONSTRAINT `??????????????_ibfk_1` FOREIGN KEY (`Тренер_ID`) REFERENCES `Тренер` (`Тренер_ID`) ON DELETE SET NULL ON UPDATE SET NULL;

--
-- Ограничения внешнего ключа таблицы `Статистика`
--
ALTER TABLE `Статистика`
  ADD CONSTRAINT `????????????????????_ibfk_1` FOREIGN KEY (`Футболист_ID`) REFERENCES `Футболисты` (`Футболист_ID`) ON DELETE CASCADE ON UPDATE CASCADE;

--
-- Ограничения внешнего ключа таблицы `Тренер`
--
ALTER TABLE `Тренер`
  ADD CONSTRAINT `????????????_ibfk_3` FOREIGN KEY (`Сборная`) REFERENCES `Сборная` (`Страна`) ON DELETE SET NULL ON UPDATE SET NULL,
  ADD CONSTRAINT `????????????_ibfk_1` FOREIGN KEY (`Тренерская лицензия`) REFERENCES `Лицензия` (`Лицензия_ID`) ON DELETE SET NULL ON UPDATE SET NULL,
  ADD CONSTRAINT `????????????_ibfk_2` FOREIGN KEY (`Футбольный клуб`) REFERENCES `Футбольный клуб` (`Название клуба`) ON DELETE SET NULL ON UPDATE SET NULL;

--
-- Ограничения внешнего ключа таблицы `Футболисты`
--
ALTER TABLE `Футболисты`
  ADD CONSTRAINT `????????????????????_ibfk_1` FOREIGN KEY (`Футбольный клуб`) REFERENCES `Футбольный клуб` (`Название клуба`) ON DELETE SET NULL ON UPDATE SET NULL,
  ADD CONSTRAINT `????????????????????_ibfk_2` FOREIGN KEY (`Сборная`) REFERENCES `Сборная` (`Страна`) ON DELETE SET NULL ON UPDATE SET NULL;

--
-- Ограничения внешнего ключа таблицы `Футбольный клуб`
--
ALTER TABLE `Футбольный клуб`
  ADD CONSTRAINT `?????????????????????????????_ibfk_1` FOREIGN KEY (`Лига`) REFERENCES `Футбольная Лига` (`Лига`) ON DELETE SET NULL ON UPDATE CASCADE,
  ADD CONSTRAINT `?????????????????????????????_ibfk_1` FOREIGN KEY (`Тренер_ID`) REFERENCES `Тренер` (`Тренер_ID`) ON DELETE SET NULL ON UPDATE SET NULL;

/*!40101 SET CHARACTER_SET_CLIENT=@OLD_CHARACTER_SET_CLIENT */;
/*!40101 SET CHARACTER_SET_RESULTS=@OLD_CHARACTER_SET_RESULTS */;
/*!40101 SET COLLATION_CONNECTION=@OLD_COLLATION_CONNECTION */;
